{"Name": "sklearn.cluster.KMeans-n_clusters=2-random_state=42-scaling=minmax", "Silhouette Score": 0.7125042363315633, "Davies-Bouldin Index": 0.4796519256716043, "Calinski-Harabasz Index": 196395.93112587932, "Inertia": 16741.23590588152, "ch_scaled": 0.992345927329197, "overall": 0.8710888960201363}